Model,Test_Accuracy,Test_F1_macro,Test_AUC,CV_Acc,Time_s,Selected_Case,Ranking,N_Features
GBM,0.5071428571428571,0.45128878341874734,0.5258169119481167,0.5307692307692309,93.3,MI_SPEARMAN_TOP_30,mi_spearman,30
LGBM,0.5035714285714286,0.46665367356975695,0.5156806276786321,0.5337278106508876,2.3,MI_SPEARMAN_TOP_30,mi_spearman,30
XGB,0.5011904761904762,0.44605941373204805,0.5246717612644278,0.5502958579881657,11.9,MI_SPEARMAN_TOP_30,mi_spearman,30
