Model,Accuracy,F1m,AUC,CV_Acc,Time_s,Use_Scaled,Params
Stacking,0.5333333333333333,0.5306085211203357,0.5411120433569923,,9.1,False,predefined
SVM_RBF_v2,0.5119047619047619,0.4889570807044201,0.5219676183133405,0.553314121037464,1.4,True,"{'gamma': 0.01, 'C': 5.0}"
Voting,0.5238095238095238,0.4844854673998429,0.5439692510034242,,2.0,False,predefined
GBM_v2,0.5297619047619048,0.4844615979825947,0.5729721762398241,0.5481268011527377,113.2,False,"{'subsample': 0.8, 'n_estimators': 500, 'min_samples_leaf': 10, 'max_depth': 5, 'learning_rate': 0.05}"
LGBM_v2,0.5166666666666667,0.48444444444444446,0.5459137395405792,0.5521613832853026,5.8,False,"{'num_leaves': 15, 'n_estimators': 500, 'min_child_samples': 20, 'max_depth': 5, 'learning_rate': 0.05}"
XGB_v2,0.5119047619047619,0.4831901752111357,0.5518492482822739,0.5527377521613833,18.7,False,"{'subsample': 1.0, 'reg_alpha': 0.1, 'n_estimators': 200, 'max_depth': 5, 'learning_rate': 0.05}"
