Target,Model,Test_Accuracy,Test_F1_macro,Test_AUC,CV_Acc,Params
1d_raw,LGBM,0.525,0.5018719188394252,0.5305108959386835,0.5284023668639054,"{'n_estimators': 200, 'max_depth': 3, 'learning_rate': 0.01}"
1d_t03,LGBM,0.5218023255813954,0.5169436364528803,0.5360203432930706,0.5311827956989248,"{'n_estimators': 200, 'max_depth': 3, 'learning_rate': 0.01}"
1d_raw,XGB,0.5178571428571429,0.46367002937045076,0.5623256763191908,0.5349112426035503,"{'n_estimators': 200, 'max_depth': 5, 'learning_rate': 0.05}"
1d_raw,GBM,0.5142857142857142,0.4825587013237994,0.5278124220503866,0.5319526627218935,"{'n_estimators': 200, 'min_samples_leaf': 10, 'max_depth': 3, 'learning_rate': 0.01}"
1d_t03,GBM,0.5043604651162791,0.46750555513944025,0.5338842975206612,0.5290322580645161,"{'n_estimators': 300, 'min_samples_leaf': 10, 'max_depth': 3, 'learning_rate': 0.05}"
1d_t03,XGB,0.501453488372093,0.4740659022275711,0.5423013350286078,0.5347670250896057,"{'n_estimators': 200, 'max_depth': 3, 'learning_rate': 0.05}"
1d_t05,XGB,0.4910277324632953,0.4512715754682336,0.5345266354440666,0.5432,"{'n_estimators': 200, 'max_depth': 5, 'learning_rate': 0.05}"
1d_t05,LGBM,0.4828711256117455,0.451772167254897,0.5172579713864117,0.5504,"{'n_estimators': 200, 'max_depth': 5, 'learning_rate': 0.01}"
1d_t05,GBM,0.47471451876019577,0.4220773897360223,0.5232351746113214,0.5408000000000001,"{'n_estimators': 300, 'min_samples_leaf': 10, 'max_depth': 3, 'learning_rate': 0.05}"
