Model,Accuracy,F1m,AUC,CV_Acc,Time_s,Use_Scaled,Params
Stacking,0.5178571428571429,0.5149527713420068,0.5378636703780131,,9.3,False,predefined
LGBM_v2,0.5273809523809524,0.5107214906650038,0.5311118165944806,0.5498559077809798,6.2,False,"{'num_leaves': 31, 'n_estimators': 200, 'min_child_samples': 5, 'max_depth': 5, 'learning_rate': 0.01}"
SVM_RBF_v2,0.5083333333333333,0.49100245754319033,0.5226705820993673,0.555043227665706,1.5,True,"{'gamma': 0.01, 'C': 5.0}"
Voting,0.5273809523809524,0.4849880852917057,0.5419397265244109,,2.2,False,predefined
XGB_v2,0.5119047619047619,0.4831901752111357,0.5518492482822739,0.5527377521613833,18.3,False,"{'subsample': 1.0, 'reg_alpha': 0.1, 'n_estimators': 200, 'max_depth': 5, 'learning_rate': 0.05}"
GBM_v2,0.525,0.4816186194128538,0.5508685004195106,0.5498559077809799,118.0,False,"{'subsample': 0.8, 'n_estimators': 500, 'min_samples_leaf': 5, 'max_depth': 7, 'learning_rate': 0.01}"
