Model,Accuracy,F1_binary,F1_macro,AUC,Precision_UP,Recall_UP,TP,FP,TN,FN,CV_Acc,Time_s,Use_Scaled,Params
LogisticRegression,0.5119047619047619,0.4675324675324675,0.5084915084915085,0.5248985237760493,0.5113636363636364,0.430622009569378,180,172,250,238,0.5469740634005764,3.1,True,"{'C': 10.0, 'penalty': 'l1', 'solver': 'saga'}"
SVM_Linear,0.5095238095238095,0.4811083123425693,0.5080485128304268,0.5231864668133065,0.5079787234042553,0.4569377990430622,191,185,237,227,0.5348703170028818,4.8,True,{'C': 0.01}
GradientBoosting,0.5190476190476191,0.36075949367088606,0.4876316552323896,0.5353749518129662,0.5327102803738317,0.2727272727272727,114,100,322,304,0.5435158501440922,330.4,False,"{'learning_rate': 0.01, 'max_depth': 5, 'n_estimators': 300}"
MLP,0.5119047619047619,0.3613707165109034,0.4831901752111357,0.51134946370666,0.5178571428571429,0.27751196172248804,116,108,314,302,0.5417867435158501,149.9,True,"{'alpha': 0.001, 'hidden_layer_sizes': (64, 32), 'learning_rate_init': 0.01}"
XGBoost,0.5083333333333333,0.3496062992125984,0.4771954941039068,0.5458060273475589,0.511520737327189,0.26555023923444976,111,106,316,307,0.5504322766570604,93.4,False,"{'learning_rate': 0.1, 'max_depth': 5, 'n_estimators': 100, 'reg_alpha': 0}"
SVM_RBF,0.5023809523809524,0.35889570552147243,0.47614045976462727,0.5134640241275312,0.5,0.2799043062200957,117,117,305,301,0.5429394812680115,3.5,True,"{'C': 1.0, 'gamma': 'auto', 'kernel': 'rbf'}"
RandomForest,0.5119047619047619,0.3365695792880259,0.4752527745780996,0.5377219438082497,0.52,0.24880382775119617,104,96,326,314,0.5481268011527378,78.8,False,"{'max_depth': 10, 'min_samples_leaf': 10, 'n_estimators': 300}"
LightGBM,0.5047619047619047,0.31578947368421056,0.46386488609583654,0.539292274201229,0.5052631578947369,0.22966507177033493,96,94,328,322,0.5504322766570604,26.1,False,"{'learning_rate': 0.1, 'max_depth': 5, 'n_estimators': 100, 'num_leaves': 31}"
