Case,Ranking,Subset,N,CV_Acc
SPEARMAN_TOP_40,spearman,TOP_40,40,0.5266272189349113
MI_TOP_20,mi,TOP_20,20,0.5325443786982249
MI_SPEARMAN_TOP_25,mi_spearman,TOP_25,25,0.5248520710059171
ALL_56,all,ALL_56,56,0.5118343195266272
