Model,Accuracy,F1_binary,F1_macro,AUC,Precision_UP,Recall_UP,TP,FP,TN,FN,CV_Acc,Time_s,Use_Scaled,Params
XGBoost,0.5261904761904762,0.3932926829268293,0.5023104039634148,0.5393319576407629,0.542016806722689,0.30861244019138756,129,109,313,289,0.5498559077809799,22.4,False,"{'learning_rate': 0.05, 'max_depth': 5, 'n_estimators': 100, 'reg_alpha': 0}"
LightGBM,0.5273809523809524,0.38639876352395675,0.5010406208713685,0.54739336492891,0.5458515283842795,0.29904306220095694,125,104,318,293,0.5579250720461095,5.7,False,"{'learning_rate': 0.01, 'max_depth': 7, 'n_estimators': 300, 'num_leaves': 31}"
GradientBoosting,0.5154761904761904,0.4143884892086331,0.5005952598327429,0.5383398716524185,0.51985559566787,0.3444976076555024,144,133,289,274,0.5452449567723343,73.9,False,"{'learning_rate': 0.01, 'max_depth': 3, 'n_estimators': 300}"
RandomForest,0.513095238095238,0.4198581560283688,0.5001854882705947,0.5203576044808271,0.5156794425087108,0.35406698564593303,148,139,283,270,0.5492795389048991,12.3,False,"{'max_depth': 5, 'min_samples_leaf': 5, 'n_estimators': 100}"
LogisticRegression,0.5,0.4017094017094017,0.4861307744743328,0.5209245107598812,0.4964788732394366,0.3373205741626794,141,143,279,277,0.5221902017291067,3.7,True,"{'C': 0.01, 'penalty': 'l2', 'solver': 'saga'}"
SVM_Linear,0.5214285714285715,0.30927835051546393,0.47157906596811444,0.5210208848273203,0.5487804878048781,0.215311004784689,90,74,348,328,0.5181556195965418,4.2,True,{'C': 10.0}
MLP,0.5107142857142857,0.2374768089053803,0.4386332335499732,0.5185973604843648,0.5289256198347108,0.15311004784688995,64,57,365,354,0.5394812680115273,16.9,True,"{'alpha': 0.001, 'hidden_layer_sizes': (64, 32), 'learning_rate_init': 0.001}"
SVM_RBF,0.49642857142857144,0.18181818181818182,0.4090518252169155,0.49180253520487993,0.47474747474747475,0.11244019138755981,47,52,370,371,0.5348703170028819,1.2,True,"{'C': 1.0, 'gamma': 'auto', 'kernel': 'rbf'}"
