Case,Ranking,Subset,N,CV_Acc
SPEARMAN_TOP_25,spearman,TOP_25,25,0.5390532544378698
MI_TOP_70,mi,TOP_70,70,0.5449704142011834
MI_SPEARMAN_TOP_40,mi_spearman,TOP_40,40,0.5390532544378699
ALL_82,all,ALL_82,82,0.5207100591715976
