Model,Accuracy,F1_binary,F1_macro,AUC,Precision_UP,Recall_UP,TP,FP,TN,FN,CV_Acc,Time_s,Use_Scaled,Params
Stacking,0.530952380952381,0.5660792951541851,0.5278583004268335,0.540448763010499,0.5244897959183673,0.6148325358851675,257,233,189,161,,12.0,False,predefined
Voting,0.5285714285714286,0.4036144578313253,0.5069253391518831,0.5411290505453639,0.5447154471544715,0.32057416267942584,134,112,310,284,,3.1,False,predefined
LGBM_v2,0.5142857142857142,0.3873873873873874,0.49251026174103096,0.5359531962176013,0.5201612903225806,0.30861244019138756,129,119,303,289,0.5602305475504322,7.6,False,"{'num_leaves': 15, 'n_estimators': 200, 'min_child_samples': 20, 'max_depth': 3, 'learning_rate': 0.03}"
GBM_v2,0.5214285714285715,0.35782747603833864,0.48821165073264183,0.5461121567382481,0.5384615384615384,0.2679425837320574,112,96,326,306,0.5498559077809798,179.1,False,"{'subsample': 0.8, 'n_estimators': 500, 'min_samples_leaf': 5, 'max_depth': 7, 'learning_rate': 0.03}"
XGB_v2,0.5202380952380953,0.32945091514143093,0.4779784696189082,0.5555511462844963,0.5409836065573771,0.23684210526315788,99,84,338,319,0.5561959654178674,31.0,False,"{'subsample': 0.8, 'reg_alpha': 0.1, 'n_estimators': 200, 'max_depth': 5, 'learning_rate': 0.03}"
SVM_RBF_v2,0.5023809523809524,0.14344262295081966,0.3963857410056112,0.505096487448695,0.5,0.08373205741626795,35,35,387,383,0.5268011527377523,1.4,True,"{'gamma': 'auto', 'C': 1.0}"
