Model,Accuracy,F1_binary,F1_macro,AUC,Precision_UP,Recall_UP,TP,FP,TN,FN,Time_s
GradientBoosting,0.5202380952380953,0.44105409153952846,0.5104123429543315,0.5378409941268509,0.5247524752475248,0.3803827751196172,159,144,278,259,341.2
XGBoost,0.5095238095238095,0.3719512195121951,0.48480373475609756,0.5415400575976779,0.5126050420168067,0.291866028708134,122,116,306,296,102.3
LightGBM,0.5107142857142857,0.3444976076555024,0.47709210867105606,0.5395813964035465,0.5167464114832536,0.2583732057416268,108,101,321,310,26.0
SVM_RBF,0.4773809523809524,0.5284640171858217,0.4711745987130711,0.4770119503843625,0.47953216374269003,0.5885167464114832,246,267,155,172,9.9
SVM_Linear,0.4988095238095238,0.5978987583572111,0.466405935260754,0.5101646295834372,0.49761526232114467,0.7488038277511961,313,316,106,105,19.7
RandomForest,0.5107142857142857,0.2699822380106572,0.4510161861494647,0.5375518719245335,0.5241379310344828,0.18181818181818182,76,69,353,342,84.8
MLP,0.5047619047619047,0.25448028673835127,0.441856899162402,0.5068822422277149,0.5071428571428571,0.16985645933014354,71,69,353,347,7.0
LogisticRegression,0.49404761904761907,0.6181491464510332,0.4342950317793085,0.5067631919091136,0.4949640287769784,0.8229665071770335,344,351,71,74,8.1
