Model,RMSE,R2,DA%,Time_s
Voting_Reg,0.021015192819192334,-0.15940705450699455,49.047619047619044,3.8
Stacking_Reg,0.019456939998160835,0.006155909863704956,49.76190476190476,7.2
