Case,Ranking,Subset,N,CV_Acc,Val_Acc,Val_F1m
SPEARMAN_TOP_70,spearman,TOP_70,70,0.49898305084745764,0.5576923076923077,0.5475113122171946
MI_TOP_60,mi,TOP_60,60,0.49694915254237293,0.5769230769230769,0.5606758832565284
MI_SPEARMAN_TOP_70,mi_spearman,TOP_70,70,0.4901694915254238,0.5576923076923077,0.5353607558546098
ALL_82,all,ALL_82,82,0.5057627118644068,0.5538461538461539,0.5367127496159755
