Model,Accuracy,F1_binary,F1_macro,AUC,Precision_UP,Recall_UP,TP,FP,TN,FN,CV_Acc,Time_s,Use_Scaled,Params
GradientBoosting,0.5769230769230769,0.6071428571428572,0.574404761904762,0.5961174242424243,0.5743243243243243,0.6439393939393939,85,63,65,47,0.5102310231023102,360.1,False,"{'learning_rate': 0.05, 'max_depth': 5, 'n_estimators': 300}"
LightGBM,0.5538461538461539,0.6352201257861635,0.5304813500217946,0.6401515151515151,0.543010752688172,0.7651515151515151,101,85,43,31,0.5221122112211221,27.5,False,"{'learning_rate': 0.01, 'max_depth': 7, 'n_estimators': 300, 'num_leaves': 31}"
SVM_RBF,0.5423076923076923,0.631578947368421,0.5137590168314186,0.5621448863636365,0.5340314136125655,0.7727272727272727,102,89,39,30,0.5141914191419141,2.6,True,"{'C': 10.0, 'gamma': 'scale', 'kernel': 'rbf'}"
XGBoost,0.5346153846153846,0.6230529595015576,0.5075063792482662,0.5828006628787878,0.5291005291005291,0.7575757575757576,100,89,39,32,0.5247524752475247,103.4,False,"{'learning_rate': 0.01, 'max_depth': 5, 'n_estimators': 300, 'reg_alpha': 0.1}"
MLP,0.5038461538461538,0.36453201970443344,0.47879597830647536,0.5033143939393939,0.5211267605633803,0.2803030303030303,37,34,94,95,0.5240924092409242,36.9,True,"{'alpha': 0.001, 'hidden_layer_sizes': (128, 64, 32), 'learning_rate_init': 0.01}"
SVM_Linear,0.5192307692307693,0.6575342465753424,0.42554131683605834,0.45933948863636365,0.5150214592274678,0.9090909090909091,120,113,15,12,0.502970297029703,4.2,True,{'C': 0.1}
LogisticRegression,0.5153846153846153,0.6594594594594594,0.4097297297297297,0.4509943181818182,0.5126050420168067,0.9242424242424242,122,116,12,10,0.5075907590759077,12.5,True,"{'C': 0.1, 'penalty': 'l2', 'solver': 'saga'}"
RandomForest,0.5076923076923077,0.654054054054054,0.4003603603603604,0.5967684659090909,0.5084033613445378,0.9166666666666666,121,117,11,11,0.5273927392739275,71.5,False,"{'max_depth': 5, 'min_samples_leaf': 3, 'n_estimators': 300}"
