{
  "BASE_LogReg": 0.5925,
  "BASE_SVM_RBF": 0.5425,
  "BASE_RandomForest": 0.5249999999999999,
  "BASE_GBM": 0.5325,
  "BASE_MLP": 0.5425,
  "BASE_XGB": 0.5399999999999999,
  "BASE_LGBM": 0.5549999999999999
}