Model,Acc,F1m,AUC,Time_s
Voting_Cls,0.5357142857142857,0.5270024429544156,0.5675582212748589,3.2
Stacking_Cls,0.5345238095238095,0.5218037624976158,0.5521667157985441,5.2
