Target,Model,Accuracy,F1_macro,AUC,CV_Acc,Params
1d_t03,XGB,0.5465116279069767,0.53276740237691,0.5598304725577453,0.556989247311828,"{'n_estimators': 200, 'max_depth': 5, 'learning_rate': 0.05}"
1d_t03,LGBM,0.5450581395348837,0.5445491365544664,0.5671879635516,0.5620071684587813,"{'n_estimators': 300, 'max_depth': 5, 'learning_rate': 0.05}"
1d_t03,GBM,0.5334302325581395,0.5200198209593605,0.5300445009535919,0.5591397849462366,"{'n_estimators': 300, 'min_samples_leaf': 10, 'max_depth': 3, 'learning_rate': 0.05}"
1d_raw,XGB,0.5321428571428571,0.5232063549377144,0.5503072632032472,0.5455621301775148,"{'n_estimators': 300, 'max_depth': 3, 'learning_rate': 0.05}"
1d_t05,XGB,0.531810766721044,0.5252614110123184,0.5578045807403605,0.552,"{'n_estimators': 200, 'max_depth': 5, 'learning_rate': 0.05}"
1d_t05,GBM,0.5269168026101142,0.5249941215450717,0.5491114390196958,0.5624,"{'n_estimators': 200, 'min_samples_leaf': 10, 'max_depth': 5, 'learning_rate': 0.05}"
1d_t05,LGBM,0.5252854812398042,0.5123069478277273,0.5834456063813862,0.556,"{'n_estimators': 300, 'max_depth': 5, 'learning_rate': 0.05}"
1d_raw,GBM,0.525,0.5244331750286269,0.5477221705707612,0.5615384615384615,"{'n_estimators': 300, 'min_samples_leaf': 5, 'max_depth': 3, 'learning_rate': 0.05}"
1d_raw,LGBM,0.5238095238095238,0.5029703438971859,0.5588618789541713,0.5443786982248521,"{'n_estimators': 300, 'max_depth': 5, 'learning_rate': 0.05}"
