Target,Model,Val_Accuracy,Val_F1_macro,Val_AUC,CV_Acc,Params
1d_t05,XGB,0.5813953488372093,0.5639534883720931,0.5793067226890757,0.522429906542056,"{'n_estimators': 200, 'max_depth': 5, 'learning_rate': 0.01}"
1d_raw,XGB,0.5769230769230769,0.5748855461085677,0.5913233901515152,0.5240677966101694,"{'n_estimators': 200, 'max_depth': 5, 'learning_rate': 0.01}"
1d_t03,GBM,0.5506607929515418,0.4502849002849003,0.5178823529411763,0.5236514522821576,"{'n_estimators': 200, 'min_samples_leaf': 10, 'max_depth': 3, 'learning_rate': 0.01}"
1d_raw,GBM,0.55,0.5416949152542372,0.5719105113636364,0.5220338983050847,"{'n_estimators': 300, 'min_samples_leaf': 5, 'max_depth': 5, 'learning_rate': 0.01}"
1d_t03,XGB,0.5374449339207048,0.42606371451275016,0.4823529411764706,0.5278008298755186,"{'n_estimators': 200, 'max_depth': 3, 'learning_rate': 0.01}"
1d_t05,GBM,0.5348837209302325,0.47427621283255084,0.5341386554621849,0.522429906542056,"{'n_estimators': 200, 'min_samples_leaf': 10, 'max_depth': 3, 'learning_rate': 0.01}"
1d_t03,LGBM,0.5330396475770925,0.49133265685777094,0.539921568627451,0.5112033195020746,"{'n_estimators': 200, 'max_depth': 5, 'learning_rate': 0.01}"
1d_t05,LGBM,0.5302325581395348,0.5232606643395025,0.5707282913165266,0.522429906542056,"{'n_estimators': 200, 'max_depth': 3, 'learning_rate': 0.05}"
1d_raw,LGBM,0.5153846153846153,0.477511961722488,0.5359256628787878,0.5240677966101694,"{'n_estimators': 300, 'max_depth': 3, 'learning_rate': 0.01}"
