Model,Accuracy,F1_binary,F1_macro,AUC,Precision_UP,Recall_UP,TP,FP,TN,FN,CV_Acc,Time_s,Use_Scaled,Params
XGBoost,0.5692307692307692,0.6000000000000001,0.5666666666666667,0.5908203125,0.5675675675675675,0.6363636363636364,84,64,64,48,0.5366336633663366,98.2,False,"{'learning_rate': 0.01, 'max_depth': 7, 'n_estimators': 100, 'reg_alpha': 0}"
MLP,0.55,0.6006825938566552,0.542632045827006,0.5477035984848484,0.546583850931677,0.6666666666666666,88,73,55,44,0.5234323432343235,148.9,True,"{'alpha': 0.001, 'hidden_layer_sizes': (64, 32), 'learning_rate_init': 0.001}"
GradientBoosting,0.5346153846153846,0.550185873605948,0.5340570802292688,0.5681226325757576,0.5401459854014599,0.5606060606060606,74,63,65,58,0.5234323432343234,294.3,False,"{'learning_rate': 0.1, 'max_depth': 7, 'n_estimators': 300}"
SVM_RBF,0.5307692307692308,0.6303030303030304,0.4940988835725678,0.5762902462121212,0.5252525252525253,0.7878787878787878,104,94,34,28,0.5306930693069306,3.1,True,"{'C': 1.0, 'gamma': 'scale', 'kernel': 'rbf'}"
LogisticRegression,0.5423076923076923,0.6530612244897959,0.49037242015450244,0.49183238636363635,0.5308056872037915,0.8484848484848485,112,99,29,20,0.532013201320132,1.5,True,"{'C': 0.1, 'penalty': 'l2', 'solver': 'saga'}"
RandomForest,0.5307692307692308,0.6347305389221557,0.48940828021376603,0.5527343750000001,0.5247524752475248,0.803030303030303,106,96,32,26,0.5326732673267326,69.5,False,"{'max_depth': 5, 'min_samples_leaf': 5, 'n_estimators': 100}"
SVM_Linear,0.5346153846153846,0.6472303206997085,0.4818072507453345,0.49698153409090906,0.5260663507109005,0.8409090909090909,111,100,28,21,0.5287128712871287,3.6,True,{'C': 0.1}
LightGBM,0.5153846153846153,0.6227544910179641,0.4726675680896272,0.5496271306818181,0.5148514851485149,0.7878787878787878,104,98,30,28,0.5273927392739275,24.5,False,"{'learning_rate': 0.01, 'max_depth': 3, 'n_estimators': 300, 'num_leaves': 15}"
