Case,Ranking,Subset,N,CV_Acc,Val_Acc,Val_F1m
SPEARMAN_TOP_50,spearman,TOP_50,50,0.5030508474576271,0.5769230769230769,0.5732871807113871
MI_TOP_50,mi,TOP_50,50,0.5091525423728813,0.5615384615384615,0.5519680754580083
MI_SPEARMAN_TOP_40,mi_spearman,TOP_40,40,0.48677966101694914,0.5846153846153846,0.5773884775148997
ALL_56,all,ALL_56,56,0.504406779661017,0.5884615384615385,0.5799550059639745
