Model,Val_Accuracy,Val_F1_macro,Val_AUC,CV_Acc,Time_s,Selected_Case,Ranking,N_Features,Final_Test_Accuracy,Final_Test_F1_macro,Final_Test_AUC
XGB,0.5807692307692308,0.5780163492607097,0.6157078598484849,0.5423728813559322,145.4,ALL_56,all,56,0.5166666666666667,0.47822574722773015,0.5372570806594253
LGBM,0.5346153846153846,0.521528189685328,0.5466974431818182,0.536271186440678,28.9,ALL_56,all,56,,,
GBM,0.48846153846153845,0.4626346132927227,0.5161576704545454,0.5342372881355932,880.3,ALL_56,all,56,,,
