Model,Scheme,Val_Accuracy,Val_F1_macro,Val_AUC,Holdout_Accuracy,Holdout_F1_macro,Holdout_AUC
XGB,linear_03,0.5961538461538461,0.595860905093929,0.5850497159090908,0.5190476190476191,0.45795718091733273,0.5533685571101385
GBM,step_30pct_3x,0.5769230769230769,0.574404761904762,0.5622632575757576,0.5119047619047619,0.4636316064887493,0.5284190117689744
LGBM,exp_hl250,0.5615384615384615,0.5615384615384615,0.5827414772727273,0.49166666666666664,0.4680477137530755,0.5080103857230323
