Model,Accuracy,F1_binary,F1_macro,AUC,Precision_UP,Recall_UP,TP,FP,TN,FN,CV_Acc,Time_s,Use_Scaled,Params
LogisticRegression,0.5202380952380953,0.4745762711864406,0.5165871498319936,0.5253350416109208,0.5214899713467048,0.4354066985645933,182,167,255,236,0.5435158501440922,1.9,True,"{'C': 1.0, 'penalty': 'l1', 'solver': 'saga'}"
SVM_Linear,0.513095238095238,0.5336374002280503,0.5121487125673253,0.5235946393342252,0.5098039215686274,0.5598086124401914,234,225,197,184,0.5389048991354468,2.0,True,{'C': 0.01}
LightGBM,0.5404761904761904,0.37741935483870964,0.5066342057212416,0.560330166216921,0.5792079207920792,0.2799043062200957,117,85,337,301,0.545821325648415,4.4,False,"{'learning_rate': 0.1, 'max_depth': 5, 'n_estimators': 300, 'num_leaves': 15}"
MLP,0.5107142857142857,0.43466299862448415,0.5016966619565233,0.5208139640354656,0.511326860841424,0.37799043062200954,158,151,271,260,0.5412103746397695,31.1,True,"{'alpha': 0.001, 'hidden_layer_sizes': (128, 64, 32), 'learning_rate_init': 0.01}"
SVM_RBF,0.5083333333333333,0.39708029197080286,0.49100245754319033,0.5128574344089435,0.5093632958801498,0.3253588516746411,136,131,291,282,0.5487031700288185,1.1,True,"{'C': 1.0, 'gamma': 'auto', 'kernel': 'rbf'}"
GradientBoosting,0.5178571428571429,0.3581616481774961,0.4860398326683477,0.5353012539966893,0.5305164319248826,0.2703349282296651,113,100,322,305,0.5429394812680115,57.0,False,"{'learning_rate': 0.01, 'max_depth': 5, 'n_estimators': 300}"
RandomForest,0.5119047619047619,0.36728395061728397,0.4849985644559288,0.5360155559082973,0.5173913043478261,0.284688995215311,119,111,311,299,0.5469740634005763,13.5,False,"{'max_depth': 5, 'min_samples_leaf': 3, 'n_estimators': 300}"
XGBoost,0.5083333333333333,0.3496062992125984,0.4771954941039068,0.5458060273475589,0.511520737327189,0.26555023923444976,111,106,316,307,0.5504322766570604,19.6,False,"{'learning_rate': 0.1, 'max_depth': 5, 'n_estimators': 100, 'reg_alpha': 0}"
