Case,Ranking,Subset,N,CV_Acc
SPEARMAN_TOP_22,spearman,TOP_22,22,0.5371757925072046
MI_TOP_25,mi,TOP_25,25,0.5463976945244957
MI_SPEARMAN_TOP_25,mi_spearman,TOP_25,25,0.5463976945244957
ALL_27,all,ALL_27,27,0.5435158501440923
