Model,Accuracy,F1_binary,F1_macro,AUC,Precision_UP,Recall_UP,TP,FP,TN,FN,CV_Acc,Time_s,Use_Scaled,Params
Stacking,0.5202380952380953,0.4662251655629139,0.5152747449436191,0.5374441597315132,0.5222551928783383,0.42105263157894735,176,161,261,242,,8.6,False,predefined
Voting,0.5285714285714286,0.3592233009708738,0.49317097251933517,0.5407038708360734,0.555,0.26555023923444976,111,89,333,307,,2.2,False,predefined
XGB_v2,0.5214285714285715,0.3639240506329114,0.49016813218668476,0.5458740561010454,0.5373831775700935,0.2751196172248804,115,99,323,303,0.5590778097982708,27.3,False,"{'subsample': 1.0, 'reg_alpha': 0, 'n_estimators': 200, 'max_depth': 5, 'learning_rate': 0.03}"
SVM_RBF_v2,0.5011904761904762,0.3953823953823954,0.4854318258573578,0.5184584684459965,0.49818181818181817,0.3277511961722488,137,138,284,281,0.555043227665706,1.4,True,"{'gamma': 0.01, 'C': 5.0}"
GBM_v2,0.5154761904761904,0.3227953410981697,0.47279711447864925,0.5528356652078278,0.5300546448087432,0.23205741626794257,97,86,336,321,0.5510086455331412,127.4,False,"{'subsample': 0.8, 'n_estimators': 500, 'min_samples_leaf': 5, 'max_depth': 7, 'learning_rate': 0.03}"
LGBM_v2,0.5214285714285715,0.3044982698961938,0.4698534906649753,0.5350971677362298,0.55,0.21052631578947367,88,72,350,330,0.5504322766570604,6.2,False,"{'num_leaves': 15, 'n_estimators': 200, 'min_child_samples': 20, 'max_depth': 3, 'learning_rate': 0.03}"
