Case,Ranking,Subset,N,CV_Acc
SPEARMAN_TOP_30,spearman,TOP_30,30,0.5272189349112425
MI_TOP_20,mi,TOP_20,20,0.5319526627218935
MI_SPEARMAN_TOP_30,mi_spearman,TOP_30,30,0.5349112426035504
ALL_56,all,ALL_56,56,0.5272189349112425
