Set,N,LGBM_CV,XGB_CV,GBM_CV,best_acc
ALL_56,56,0.5177514792899409,0.5201183431952663,0.501775147928994,0.5201183431952663
CLUSTER_35,35,0.5242603550295858,0.5106508875739645,0.5254437869822485,0.5254437869822485
CLUSTER_POS_23,23,0.5195266272189349,0.5059171597633136,0.521301775147929,0.521301775147929
PERM_TOP_10,10,0.5112426035502958,0.4982248520710059,0.48757396449704143,0.5112426035502958
PERM_TOP_15,15,0.5124260355029586,0.5029585798816567,0.4952662721893491,0.5124260355029586
PERM_TOP_20,20,0.5076923076923077,0.514792899408284,0.5023668639053255,0.514792899408284
PERM_TOP_25,25,0.5136094674556213,0.5236686390532544,0.5201183431952663,0.5236686390532544
