Case,Ranking,Subset,N,CV_Acc,Val_Acc,Val_F1m
SPEARMAN_TOP_20,spearman,TOP_20,20,0.5050847457627119,0.5346153846153846,0.5260263653483993
MI_TOP_20,mi,TOP_20,20,0.5084745762711865,0.5192307692307693,0.5192236571546915
MI_SPEARMAN_TOP_30,mi_spearman,TOP_30,30,0.5064406779661017,0.5769230769230769,0.5712143928035982
ALL_56,all,ALL_56,56,0.504406779661017,0.5884615384615385,0.5799550059639745
