Model,Val_Accuracy,Val_F1_macro,Val_AUC,CV_Acc,Time_s,Final_Test_Accuracy,Final_Test_F1_macro,Final_Test_AUC
LGBM,0.5384615384615384,0.5383522727272727,0.5556344696969697,0.5138983050847459,18.5,0.5178571428571429,0.46806431387019964,0.5370416562733848
XGB,0.5269230769230769,0.5231918414814153,0.5493016098484849,0.5172881355932203,65.4,,,
GBM,0.5,0.4999704124504408,0.5030184659090909,0.5294915254237288,467.5,,,
