Set,N,LGBM_Val,XGB_Val,GBM_Val,best_acc
ALL_56,56,0.5884615384615385,0.5615384615384615,0.5346153846153846,0.5884615384615385
CLUSTER_35,35,0.573076923076923,0.5192307692307693,0.5230769230769231,0.573076923076923
CLUSTER_POS_23,23,0.5615384615384615,0.5653846153846154,0.5192307692307693,0.5653846153846154
PERM_TOP_10,10,0.5884615384615385,0.5307692307692308,0.5269230769230769,0.5884615384615385
PERM_TOP_20,20,0.5807692307692308,0.5576923076923077,0.5653846153846154,0.5807692307692308
