Model,Val_Accuracy,Val_F1_macro,Val_AUC,CV_Acc,Time_s,Selected_Case,Ranking,N_Features,Final_Test_Accuracy,Final_Test_F1_macro,Final_Test_AUC
XGB,0.5884615384615385,0.586252026353753,0.6142874053030303,0.5362711864406781,79.4,ALL_56,all,56,0.5202380952380953,0.4859311385838656,0.5334871539037166
GBM,0.5307692307692308,0.526029526029526,0.5343276515151516,0.5335593220338983,450.9,ALL_56,all,56,,,
LGBM,0.5269230769230769,0.525343228200371,0.5497750946969697,0.535593220338983,15.8,ALL_56,all,56,,,
