Target,Model,Val_Accuracy,Val_F1_macro,Val_AUC,CV_Acc,Params
1d_t05,GBM,0.5627906976744186,0.5627055565172234,0.5977766106442577,0.530841121495327,"{'n_estimators': 300, 'min_samples_leaf': 5, 'max_depth': 5, 'learning_rate': 0.05}"
1d_t03,LGBM,0.5594713656387665,0.5584344849050731,0.588,0.5236514522821577,"{'n_estimators': 300, 'max_depth': 3, 'learning_rate': 0.05}"
1d_t05,XGB,0.5581395348837209,0.5534640694344243,0.5842086834733894,0.5364485981308411,"{'n_estimators': 200, 'max_depth': 5, 'learning_rate': 0.01}"
1d_raw,XGB,0.55,0.5179921091410372,0.5479995265151515,0.5369491525423729,"{'n_estimators': 300, 'max_depth': 3, 'learning_rate': 0.01}"
1d_t03,GBM,0.5462555066079295,0.4423136553369112,0.480156862745098,0.5302904564315353,"{'n_estimators': 200, 'min_samples_leaf': 10, 'max_depth': 3, 'learning_rate': 0.01}"
1d_t03,XGB,0.5374449339207048,0.4640568434780654,0.4967843137254902,0.5311203319502076,"{'n_estimators': 300, 'max_depth': 3, 'learning_rate': 0.01}"
1d_raw,LGBM,0.5346153846153846,0.521528189685328,0.5466974431818182,0.536271186440678,"{'n_estimators': 300, 'max_depth': 3, 'learning_rate': 0.01}"
1d_t05,LGBM,0.5302325581395348,0.5150845224537192,0.5342261904761905,0.5439252336448598,"{'n_estimators': 200, 'max_depth': 3, 'learning_rate': 0.01}"
1d_raw,GBM,0.5038461538461538,0.47691012024516916,0.5073390151515151,0.5389830508474576,"{'n_estimators': 300, 'min_samples_leaf': 5, 'max_depth': 3, 'learning_rate': 0.01}"
